"range","nx","normNSquared","sSquare","s","znxnz","sny","znxnzsny","nxSquarenySquareDenom","px"
"{0, 1}",33.01543463489479704721636002156166390728694524597142033957188189,63005.8949972781117196113006555406508467573837496812544906298521,63005.8949972781117426290133899781188796425746543227092030846156,33.01543463489479705189777032140521578056229455842565991395842235,63005.8949972781117202563461773963375344367506774510772484228972,63005.8949972781117318647506953439169146437396658391102468905022,63005.8949972781117249119116005302542096146849344960295533821379,63005.8949972781117211084406597390723712240946105105519909300507,1.555423353821954822523526352494859213307831e-21
"{2, 89}",3.498345285996986372675949887665315856324196818515436840359009352,143.5232637686877615986505301893607743798831389567087344306008656,143.5232637686877616033798675652178889494542899866467808458594779,3.49834528599698637269555571205785622545765922902141999612486928,143.5232637686877615985828074714708611344713918675597496038356488,143.523263768687761601031147804616599929751255226442734659898032,143.5232637686877615990415347658433590475248273829842058149164173,143.523263768687761598647163267924446921776662355315935729455177,9.22067518496459357740372928078711536563037e-22
"{89, 90}",1.508497693254637548379696599658801850393523937502213172384483428e6,9.21299531031723743306223725449035795300835669217388447514210341e13,9.21299540993556179442909972462257098891860800018422121646520989e13,1.508497694964302382708822242876988541950352034195279674661346165e6,9.21299531031723743309692557105360207129214561714883776670677353e13,9.21299536012639894987317485335524632972479137389471458836568503e13,9.2129954261670321442226612631299558660780620137361783502378681e13,9.21299531031723743306214117405774113643266152448674608407927439e13,1.7129427840440708156921116970828487084753865368444438e-10
