"range","nx","normNSquared","sSquare","s","znxnz","sny","znxnzsny","nxSquarenySquareDenom","px"
"{0, 1}",33.01543463489479699226432923986756536653477151256980869964084729,63005.8949972781117196129280528369003048756657575527022409828301,63005.894997278108116657659630374279390234546915286703238510218,33.01543463489479627807395660383624087831669675977341202314379962,63005.8949972781115974199641024736581534244211776443581015818682,63005.8949972781097850205515889134189365012140280434444278563256,63005.894997278111102839683981284624813097933356432341144284123,63005.8949972781114532154812553915077024342961668934709612527453,1.45606101414574257076454563735249261291749399e-19
"{2, 89}",3.498345285996986371711495635570633323367170497469051397628313405,143.5232637686877615986273831906560209978691354192366548761458015,143.5232637686877609537201764561390004348576404805604788246798507,3.49834528599698637077747687793033840449257431849342745140239089,143.5232637686877613858696575621954802622277867964580444374873387,143.5232637686877612767778959542876069822195135424793867161233816,143.5232637686877612587185620334062704840848263736095258521870917,143.5232637686877615995821153842234838672401024334323133533329594,3.34307010750465757538872624743726047436472008e-19
"{89, 90}",1.508497693254637548054103034714414498141473365476267998196099186e6,9.21299531031723743298754371388190954607165061285280379391410012e13,9.21302279152341849673325753536283538170974110484872087432532218e13,1.50849838419749921256419522226700658543359056850001224193671691e6,9.21299531031723742485185240290403454171157330728879072795109617e13,9.21300905090303556200329118402643369048426232271770414966044448e13,9.21299365012385290420656012011439098707051319829158742240243318e13,9.21299531031723743281137592700605589495483142009127013389040709e13,2.7039183106157563253382481913690352913994375843550838226e-8
