"range","nx","normNSquared","sSquare","s","znxnz","sny","znxnzsny","nxSquarenySquareDenom","px"
"{0, 1}",33.01543463489479704690782016685183866396894514116218495213173023,63005.894997278111719613518576093757945430864320900928411068933,63005.8949972781117196135187117592699982200035942925398033742847,33.01543463489479704690782019582934138493971890387496432682144696,63005.8949972781117196135185775746819516868582032788320774813096,63005.8949972781117196135186461514329262660424757907885816182067,63005.8949972781117196135186024884327997302944227100450759429101,63005.8949972781117196135185802936222652270320343077799810081874,1.5746277505761846231223971448107838e-29
"{2, 89}",3.498345285996986372676192285801320763798638365505515453541869879,143.5232637686877615986507035839014183952371045443511412207773711,143.523263768687761598650703549055500266088862969610133588341907,3.49834528599698637267619228566679458850498968521629140099923162,143.5232637686877615986507035733546570492715463511267016481775702,143.5232637686877615986507035664533900479137500212707742798991382,143.5232637686877615986507035899241844873022143298318864172693997,143.5232637686877615986507035839509380888869951701963395527938824,1.0457776338480176785599670543254029e-29
"{89, 90}",1.508497693254637548380648364443626190932118336948033910758591752e6,9.21299531031723743306224051883579926440204423254598331223589044e13,9.21299531031723743189328024003389952123720819409292020743237461e13,1.508497693254637540353644069505771573345875965127919838869340679e6,9.21299531031723743306224051920951887487667862673534557332391029e13,9.21299531031723743247776037935734791929757799619542119479652136e13,9.21299531031723884719350296329417292052486635748279277817610252e13,9.21299531031723743306224051884021411340351099772521037288133719e13,3.162808827926393811177118364488922899995204613e-18
