"range","nx","normNSquared","sSquare","s","znxnz","sny","znxnzsny","nxSquarenySquareDenom","px"
"{0, 1}",33.01543463489479677250798611658132251557378062318566589775463059,63005.8949972781117196020384454578964160995046353106245798686126,63005.8949972781036321665194303276497940965295510848357851398826,33.01543463489479542460105477218002812364034868747596669184866298,63005.8949972781110093874750736867524072521948335301444498843264,63005.8949972781069713009123863779070662418649198805119386658656,63005.8949972781100112874732213840765870603645246150749723966193,63005.894997278110283189833186848729667700002714883538198481726,5.77311028109102088617733191332959318627600449e-19
"{2, 89}",3.498345285996986376918122277414940493069159113385098213608979038,143.5232637686877615950926379453391823970325321202439022521203121,143.5232637686877594013079709618747070772093750495663967155204957,3.49834528599698635620623432452871480779087260905915536833988621,143.5232637686877621771932099563375211883572220173251734143789706,143.5232637686877605138324774536966126078516015849498692540671072,143.5232637686877625101496189594950956083385401567105633364827359,143.5232637686877615812324108700196273980908903366061832549085675,1.042083343944571889807048118143976819888871154e-18
"{89, 90}",1.508497693254637548775241302023945495502221415079113506123234559e6,9.2129953103172374330509937495360119363366812562279299993616131e13,9.21273376574179596691050449312139164824504588413143372847283572e13,1.508492787171760345646936935546572091294070435240828831264442245e6,9.21299531031723746277781936474130723779109960606518685712133508e13,9.21286453647384088321142437281106913073319337548996682083200309e13,9.2131028995075870930898885923546904763042774847038137161347609e13,9.21299531031723743302505253587010374917334850807918230284063313e13,2.59935797268578745169401583915911999455285267816104453374e-7
