"range","nx","normNSquared","sSquare","s","znxnz","sny","znxnzsny","nxSquarenySquareDenom","px"
"{0, 1}",33.01543463489495949267645642475993689427834976934099182251680019,63005.8949972781117056763377595592761892171456894079640014341705,63005.8949972772391209593779032139532960758724726316477795943948,33.01543463489459983570135549222533027360796866478373340774261468,63005.8949972785451318497801332808813494538512135361277166093802,63005.8949972781122049153867736042931473387140278085438880246175,63005.8949972808711016551811941677965445807920478714791999285012,63005.8949972789820537975379217615224841340063362257458737175678,9.66944382220754314964463790916059637642356258404e-16
"{2, 89}",3.498345285996984573727464752691365557201996979918112395669524537,143.5232637686877609843145343658478181020141246836090771240442943,143.523263768697798129428390264142514565679599773360225597255123,3.49834528599702074172534728985636756462458651088836767864085927,143.5232637686877392695631495049743281094158086228434283016882344,143.52326376869278171345903384777586561650857967805950033539406,143.523263768690956966819672546182035757603508380521090949545676,143.5232637686877731847048341269280317179238287717540772065711111,9.17200384341864062797307036148749890018254708767e-16
"{89, 90}",1.508497693254639635316616021741680751522181584566747759297500483e6,9.21299531031723739085778244090420836686368563544848702629742389e13,9.06567722329794988541766841245623653772515269170474096927913403e13,1.504339534949590568943103543420731655026105705289117552237457046e6,9.21299531031727488583521033837799362959441285085635709915959371e13,9.13763243374295800058934033688050544367680553347697998681105204e13,8.99033636905406903635307778833293427486201784685206034592036963e13,9.21299531031723734054636698498437776845839426780748926358459676e13,0.000292477559635207506787133834812404708317632593754863714667865
