"range","nx","normNSquared","sSquare","s","znxnz","sny","znxnzsny","nxSquarenySquareDenom","px"
"{0, 1}",5.7227136517167672096799239724949608076320813489e-17,3.8710532759741306305169790448208658451583536778e-17,4.127111327937907689201999276015793015711181594859e-15,2.063953479021093525528429273392753567203799079266e-15,8.6823998547108001619923436221880202765074543939e-17,2.067177532635983689516711376670723912146965534413e-15,1.26821593576193707897262233457972940935754955644e-16,3.723193862510705906569777435845402650545236894e-18,1.261791794484283145785976940169140603051172546e-16
"{2, 89}",7.510254931305665492451374216760538025300130459e-18,4.214606293200256714911016609784934265135083714e-18,5.40674872784458226079045331561935021055831409274e-16,2.70502587242458673547689186112157919848245462461e-16,3.0290324701226265433713282631963328656796748318e-17,3.09833006831151222463985080795599578047644376099e-16,1.63861833150513582472838787077620749832244881164e-16,4.503286005104682265469368951212641282607929927e-18,1.63120500903455792197992015387359431504456333688e-16
"{89, 90}",5.6308327743152199372881256963762765454053965742e-17,7.242377191713062465237805511199272296772945932e-18,0.00011953700718860151712053601789570910627835656031421331274584,0.000059763768847019822305791855518956154575271435208291983396802,6.8759005470477358655431165646912505379101784976e-17,0.000059763768847015429449199533339176560416223203427922802498597,0.000062373741772141504615015373352257662438153646497562466317433,7.033292038298491882561996322559907913802714719e-18,0.000062373741772141412288064474527487430633331656941553252998788
