"range","nx","normNSquared","sSquare","s","znxnz","sny","znxnzsny","nxSquarenySquareDenom","px"
"{0, 1}",33.01543463489479704690782016588848051042924964596667582306771212,63005.8949972781117196135185761106975741566109076935790557986105,63005.8949972781117196135185761076905507902686269411481592380624,33.01543463489479704690782016588651584996956013555819035050153046,63005.8949972781117196135185761105621181833190908118236342793876,63005.8949972781117196135185761085224339606684182994663316585288,63005.8949972781117196135185761106865985541787355402160840158187,63005.8949972781117196135185761100012935439054202093408133138345,5.7297322340616982257729160178968e-32
"{2, 89}",3.498345285996986372676192285824930089609914708538666578948475193,143.5232637686877615986507035839794190873197216714304762532421868,143.5232637686877615986507035832139852986377656894183643443214454,3.49834528599698637267619228582356538153406944436175074475745414,143.5232637686877615986507035839802880183558624879308343732460779,143.5232637686877615986507035835971303349339976158386264133211245,143.5232637686877615986507035835504377702120028416929093799889099,143.5232637686877615986507035839798073667982588863974832074909795,7.1422475128135994632138566098289e-32
"{89, 90}",1.508497693254637548380648364472547592382356373267876864034493417e6,9.21299531031723743306224051883595232333163125899511233714539898e13,9.21299531031723742565911136611861042855242512282319989986697953e13,1.508497693254637548436462352527799857864738985911315474702851698e6,9.21299531031723743306224051883604296180292719436992651569644437e13,9.21299531031723742936067594247727347558490187229455230986333084e13,9.21299531031723744352936494488439245683709760125805078067187596e13,9.21299531031723743306224051883595801896165776464289708518391044e13,2.1868677512822493064071177593186350352592658e-20
