"range","nx","normNSquared","sSquare","s","znxnz","sny","znxnzsny","nxSquarenySquareDenom","px"
"{0, 1}",33.0154346348947970469078201658886058201653256263193206718669611,63005.8949972781117196135185761106935445048031156730442254847217,63005.8949972781117196135185761107065339262146802348450588944379,33.01543463489479704690782016588860731618623482237033821080084627,63005.8949972781117196135185761106973154251426900899712723072372,63005.8949972781117196135185761106979931010818676751414581217304,63005.8949972781117196135185761107053483813627613819400621329481,63005.8949972781117196135185761107021099437311236727353618910549,1.023436721328890632534168055679e-33
"{2, 89}",3.498345285996986372676192285824928196433060872786756923156450133,143.5232637686877615986507035839794784034370259426760058817641964,143.5232637686877615986507035839931570904677549267355212219764952,3.49834528599698637267619228582499336016663385861675114061854895,143.5232637686877615986507035839794913490255694575660867171451004,143.5232637686877615986507035839863260549978200399138192799940092,143.5232637686877615986507035839819699191582386530246781547418142,143.5232637686877615986507035839794811041410954344577934213390342,2.417754027439691083785099968779e-33
"{89, 90}",1.508497693254637548380648364472551339370499800217696323892249656e6,9.21299531031723743306224051883595476628615130584716623189761848e13,9.21299531031723743312958699572278867019790372734048118859975748e13,1.508497693254637548386943553064429789824819635817264728002551234e6,9.21299531031723743306224051883595523200603200708157780950644385e13,9.21299531031723743309591375727937150785424585170478164413173927e13,9.2129953103172374328248027819535186277607038875536066213784369e13,9.21299531031723743306224051883595476308568251616369447052601563e13,7.4825619162534947304911601048106120723051e-22
