"range","nx","normNSquared","sSquare","s","znxnz","sny","znxnzsny","nxSquarenySquareDenom","px"
"{0, 1}",33.01543463489479704690782041227084666426941710232278501201996912,63005.8949972781117196135185760473316459199579931413497302646636,63005.8949972781117196135197172434321815927598322996895373803951,33.01543463489479704690782039507481790310028028971536566404031846,63005.8949972781117196135192180942351697600836648317885435167531,63005.8949972781117196135197958293923344622770615010073286499897,63005.8949972781117196135216837299896396604164615019366545764337,63005.8949972781117196135198626365326707473822247349765926872,8.15864058001131835630707473088114694e-28
"{2, 89}",3.498345285996986372676192280478723387342993251685698328423717993,143.5232637686877615986507035834593982581312895040554777553828612,143.5232637686877615986507033533309214238838235161222579050392779,3.49834528599698637267619230180389460507849941835934514103684182,143.523263768687761598650702361018229563514205344296665939300488,143.5232637686877615986507034712201796919369923737463522377347816,143.5232637686877615986506998639104077741377065902542611747151438,143.5232637686877615986507035844384745425557070800839544100065816,8.63134995038970322472897823595390638e-28
"{89, 90}",1.508497693254637548380648358854405338068823510713195917771216346e6,9.21299531031723743306224051862121643922794246316372286366472815e13,9.2129953103174014941857242023226112767072296193250806163701066e13,1.508497693254636105592020122571797687871851981314629288087421509e6,9.21299531031723743306224044711047486171295121943156226528627188e13,9.2129953103173194636239823601442688011734622604048458739984801e13,9.21299531031725931970467160797167909289597085062248305181352345e13,9.21299531031723743306224051922798005620896811469789256818958044e13,2.69324772410612846888078889421047817247921220037e-16
