"range","nx","normNSquared","sSquare","s","znxnz","sny","znxnzsny","nxSquarenySquareDenom","px"
"{0, 1}",5.2878699896568706398827671391139770796135357e-20,5.1568739605953204445607127102292484496041298e-20,1.464254380959569867290534452583441863577351521e-18,7.32472670708158897146318851836490887438304048e-19,8.4530072225702115717849841909315380594913484e-20,7.35677392333625906738622532180502181897772859e-19,1.22631249333096428488067111124896654979807577e-19,4.06921379124645553169589451126733018873296e-21,1.21523993472195674095656641516223969041372809e-19
"{2, 89}",9.688583435171879473732503628544308661859245e-21,4.096055556770687298271902481819207681817018e-21,4.03900887439444240701736896859763769916685406e-19,2.01984897245098237538117600265417881311008454e-19,4.1889873129193978371899654924421621646009373e-20,2.19237419262022152425953905603533734432601857e-19,1.06761222580585754286386984395873171410639652e-19,4.38854156685355208102578510252625865740139e-21,1.05993623889099906753132706860440054319375921e-19
"{89, 90}",1.5953885463309143944175133643333417392675284e-20,6.696641476787396549250416902259819628377839e-21,1.40303562306457233292602245264752690406273186862189045434e-7,7.015160897110754464183055309434132350457916718928012298e-8,3.0737148077703018395302063531250695300760538e-20,7.0151608971112116850637852024669138744876097597837987117e-8,6.404199397396949324291745350264347967255344055454013045e-8,6.524447048638857444722746470914505633595338e-21,6.4041993973969894551677977279211554773549161300786282207e-8
