"range","nx","normNSquared","sSquare","s","znxnz","sny","znxnzsny","nxSquarenySquareDenom","px"
"{0, 1}",33.01543463489289384820856953955770819028193411159753397248155582,63005.8949972781071408708735614560220176195212891578990881383781,63005.8949972219258225596301508846865047356058926560638732709907,33.01543463488314849314471632873501383805599344759418728648108227,63005.8949972733398644738473449256343855734848794829144350603327,63005.8949972451366423641845439980406201104933619608355917700984,63005.8949972547385614888165548932524066732635218083180610945895,63005.894997268339871381586610646631760761256749585752529095577,5.274909533727254454958446039329899499159392640653e-15
"{2, 89}",3.49834528599699849793644767434918210941706811648256301267528823,143.5232637686877478312026938005731949083942935088005473430932483,143.5232637687013826193582662505839296704885859495838351864719497,3.4983452859970040903835069147783034772577988527276098887812581,143.5232637686908713773727033268619365403756303400434204172828295,143.5232637686945409205438961997269071043562965470356811385526687,143.523263768700419988837875247934500638858037483234349015367763,143.5232637686877527432233505793281627447390992830584887408895359,3.419688658851027884944540032320260751742958852997e-15
"{89, 90}",1.508497693254643663890734121864594429213400831104145315044660845e6,9.21299531031723926694472442841653542003653652556090139146203143e13,1.024229938816078243003440370821278991198678929929827362654649517e14,1.534607017103527326016787276094650615485493240070274842175466099e6,9.21299531031744119367629317286932668908649418105395719754431372e13,9.68760302556633339071435339732596262780925814561243685185254824e13,1.00674194392924523066907560664855421453973363159343762080609241e14,9.21299531031723956873802419140871696809920144939547534680587824e13,0.001067711312940445099295251418112141288274703625512781279359556
