"range","nx","normNSquared","sSquare","s","znxnz","sny","znxnzsny","nxSquarenySquareDenom","px"
"{0, 1}",9.77947539252147553973043230893007e-30,3.807289790240326166863126584142258e-30,1.07272939542277644874779886635320208e-28,5.3665254005532611879970698529796609e-29,1.2156668287261412208127074877262392e-29,5.4044967250973944711624188964832163e-29,9.253888141341494799497342791269456e-30,4.59696301431090101026459175759509e-31,9.16359542753296684704621310863269e-30
"{2, 89}",1.776386905507477131657361006682253e-30,4.87567640038620115319771428497287e-31,4.8280831594581067525511036063720678e-29,2.4150822872799526627157893360159179e-29,4.37558602526415829360837702361125e-30,2.6017506017236531890089918035305988e-29,1.2576816638125524615338641731257511e-29,5.20980588787628535225356031237467e-31,1.2464590096084049036268845460768899e-29
"{89, 90}",1.0161972680647561881421353390247964e-29,7.44143923287504953877987404947354e-31,1.0839265511346561422133940874392790303597419799e-17,5.419632755673283911260916016634645534703060323e-18,1.1273186239401278744453991077078067e-29,5.419632755674697520914495452559256044464630408e-18,8.221211972484376133502720525035214020218186535e-18,7.24376009104922584628448865268915e-31,8.221211972484399863244950494920429881240972473e-18
