"range","nx","normNSquared","sSquare","s","znxnz","sny","znxnzsny","nxSquarenySquareDenom","px"
"{0, 1}",33.01543463489479704690939100407689877775304598462691658016832817,63005.8949972781117196135178066448755990967619165379485791013717,63005.8949972781117195536008738971577789189952954355231734058396,33.01543463489479704689363256801309132189256057533596027239822542,63005.8949972781117196181174985644984478863362222736302665290654,63005.8949972781117195876902040131654080588074990649437785452097,63005.8949972781117196007290008284135931890045367268366577481894,63005.8949972781117196217910635793000509801638050698785612658893,1.0640775132586807076265447585365061247556e-23
"{2, 89}",3.498345285996986372676313067127283615268464537883776415675592697,143.5232637686877615986506306754646312451366020407606879763069228,143.523263768687761598651140126111493565543305401747006144046983,3.49834528599698637267628841536254804428530359512689097621864619,143.5232637686877615986784482795310774639274056016234947857382697,143.5232637686877615986507745282709371328805092096413115432106446,143.5232637686877615986369853780464115100724591945025794835869941,143.5232637686877615986506901479957694603365612822706250280753455,1.2411400888866557827336210488974818682462e-23
"{89, 90}",1.508497693254637548380651178397981677169083867612903308400340831e6,9.21299531031723743306224028889853699410390571117022845672211451e13,9.21299530867559424800422909347927522243015127859377392345654952e13,1.508497693248300124829773789165829983495852635281127540403063148e6,9.21299531031723743306312876739161277148371050477157078394101131e13,9.21299530949641584033934918584587558628116774865856979303166267e13,9.21299530930993830286626395519968022733021055880772395824236506e13,9.21299531031723743306223658595972725897047519261228910577371041e13,3.372986922526916960505242838506840053887668383791874e-12
