"range","nx","normNSquared","sSquare","s","znxnz","sny","znxnzsny","nxSquarenySquareDenom","px"
"{0, 1}",33.01543463489479710924313823606119604159936939198633542849891498,63005.894997278111718870375423952756141253805113370714280631559,63005.8949972782461688268996308894876814384127428085033174871054,33.01543463489482629034782538698726463637171789456028380808518068,63005.8949972781097161131341637806564285913545690173048950863821,63005.8949972781777112009501118562578518392950284470837061031034,63005.8949972780694920748956995317741269786653108145772087669592,63005.894997278109060047089898336276342256032036501122531120803,2.7577016471455163742160866198842414249681148535e-17
"{2, 89}",3.498345285996986519505191022656698049634529163083123944319529388,143.5232637686877615862863401979702418586855500942924360160852374,143.523263768687778089792011934663203489583995695327031150150229,3.49834528599698664545661914326132234622020473324577424582339746,143.5232637686877929099291918811539829843272830780129986399322565,143.5232637686877697169672409256180380789208505703064649145751433,143.5232637686877274798120902424516206987082755356903297156892486,143.5232637686877643152629005805436097163344865716484866346933758,1.4085714179192157162541344805796459733368221621e-17
"{89, 90}",1.50849769325463760744347554442644315910903691427425747085478095e6,9.21299531031723743297608871463104113365447053459006087970656128e13,9.21379821968214076397679993598925270846127106915069891952350603e13,1.508511019979909440139589624846062894571788740922744482127747244e6,9.21299531031723814855298217385302124705314575739930616083274557e13,9.21339651666078524108461707427704918486138752086033408769956914e13,9.21628962238083663922180246099743846384216795563246962265363424e13,9.21299531031723743568501245558797256534150760180329791681893701e13,4.281987191056913295603922237678332051485812431360479939954e-6
