"range","nx","normNSquared","sSquare","s","znxnz","sny","znxnzsny","nxSquarenySquareDenom","px"
"{0, 1}",5.79761992963725808181268407820133393532085755e-19,3.02944717164652462044535125940351153980150676e-19,1.5505489404916053703794805600429328342222501782e-17,7.757787498479546439734071633534935606933902703e-18,7.40302939376293058004557500874287047399663762e-19,7.790141930236637872004483651898151497471284806e-18,6.75854544851584261750754848810293061363722183e-19,3.3541833893130570794055442404128692812706493e-20,6.67461334804697304066574269068753898977222819e-19
"{2, 89}",8.6441083895607553204221311798431423235283282e-20,3.4080583217893998768410114451400194675546135e-20,3.760664725982824826185128072575083511981016404e-18,1.880540196839046495526165471114906539106814145e-18,1.99550944426596830480022278753528505217570005e-19,1.932730417352031795117503505470349567852204029e-18,8.18545250518882352441753304771732038664173781e-19,3.7695091324558070582773767324649772487303561e-20,8.12953913315352014724485059431674452106536633e-19
"{89, 90}",2.71774913244049374056924380374958442497471657e-19,4.8073392887252339165107400294283098511655884e-20,8.90653596824072653201848031025687464363810928845032638679e-7,4.45319542705595566698064985259722445353105097389293725414e-7,3.61330365965090260798577677415223333600298653e-19,4.45319542705639164721822302725831040302926685409841646641e-7,5.73037756369274054771629430632956767367160515678951254331e-7,4.6953863623672458021514843000076450980878041e-20,5.73037756369275196722393980844789905831535983994818212528e-7
