"range","nx","normNSquared","sSquare","s","znxnz","sny","znxnzsny","nxSquarenySquareDenom","px"
"{0, 1}",1.652080345814094799260857705141695829464640206848e-15,1.759212593876901973173377316173090561528661894646e-15,7.1072188416136160454115946671539629840713770885163e-14,3.5541663093689352510704606981276263546310243445191e-14,2.763782412448915536654691252638207974240704834563e-15,3.5652735224035328169867177530842723020055896534984e-14,4.642322424376502687287634915216189127495964750654e-15,1.364214526763967063206864328305815908452399703e-16,4.604039820105240914720280701485110868781131767447e-15
"{2, 89}",2.95762173158628759308772760184802150902222532697e-16,1.36291047995082013255528882631290446732824147794e-16,1.5728759040313708789503532416236859294943914088449e-14,7.867037557669713871490538985156361119271505233038e-15,7.68894190469792900617768635073126074152240472578e-16,8.246366030812049704984696356117557652982109299057e-15,4.234684838046007280570158670416038464081894456464e-15,1.42947062125689277997499102481085459504146230529e-16,4.207438067708918439870037648133377933215073747899e-15
"{89, 90}",1.165981906491265472292259748136189807400253276554e-15,2.01374587657654438286914336251574243641973545419e-16,0.004175647148511797859921982451977041609838618589590274803795576,0.002458567033809541824489538288639757516536678168284904784303955,1.698041999388917327025917632036755953498193759289e-15,0.002458567033809483153404146276097061409251787588271516025121356,0.001840071530040948985683819912060209351768786074726264105254949,1.96037871359927593760334165790272906194309155848e-16,0.001840071530040956352529660279923585432126677695195329138320484
