"range","nx","normNSquared","sSquare","s","znxnz","sny","znxnzsny","nxSquarenySquareDenom","px"
"{0, 1}",33.01543463489479704690784070282462369296650567485655238944336071,63005.8949972781117196135185750089655981503182161564745569252616,63005.8949972781117196161664671007667220453116800445990962088104,33.01543463489479704690840315309675261775583667534638702700893684,63005.8949972781117196135530812386617871620600172329975458313767,63005.8949972781117196148892986207781484500770162250127784047157,63005.8949972781117196137639279008763768112520607127984632370115,63005.8949972781117196136123587711925160789887850020730007138545,1.10867129872449168190113169325147252177e-25
"{2, 89}",3.49834528599698637267619138818325960901815381578543814663232454,143.5232637686877615986507028444440331116776686067069603587054039,143.5232637686877615986508193773592644162366234040956270062072651,3.49834528599698637267619224268890684816187159230563608276538259,143.5232637686877615986505268145505813964807870112593839464712824,143.5232637686877615986507640917314663792869441046258084019885759,143.5232637686877615986509645462314691716894216175383575554311619,143.5232637686877615986507031271770891225533130247929513336808807,1.04515083115911018001269717156253650529e-25
"{89, 90}",1.508497693254637548380648340188281217519509759231662677974141208e6,9.21299531031723743306224046174612075565023089208216790254196505e13,9.21299531031080836620222772492185003680750869112947310075754589e13,1.50849769325421011576184871361388711133233407888473342270024343e6,9.21299531031723743306224419027128483194562264853805029134644745e13,9.21299531031402289963222537315261370571752122465691065839206706e13,9.21299531033388042211239758075437521250217735414333642689188609e13,9.21299531031723743306224049245156044395109077408608026066339199e13,2.9491660833632845258965973999763200264739819795131e-14
