"range","nx","normNSquared","sSquare","s","znxnz","sny","znxnzsny","nxSquarenySquareDenom","px"
"{0, 1}",7.7283318445525773101253296443e-34,6.736891526901494415348849376106127e-29,2.64306555302501597889051465431810542e-28,1.32153670924642858015786484795322777e-28,4.20077006428137659321951271271699e-31,1.32155532322342899714422871042098551e-28,4.0649777779356312993250526218257667117988482806e-17,3.8158513633418790757467651312636060195931236595e-17,6.3431001398204871888123016467701732962206970568e-17
"{2, 89}",8.60060511611275850836280164501e-34,2.5791131886622958894928250222858e-32,3.101679408245124178804667253977997e-30,1.550798560246887123231233104422361e-30,1.21641044949084540054840693041273e-31,1.552092369727114035137336197832776e-30,4.0571301075041837972769602878441871574396985873e-17,3.8382567626532691629179479548414609037913348628e-17,6.5839668984959449734132627282067730668018945846e-17
"{89, 90}",1.224709597580003508543792423756e-33,2.64825418367442600973667335220311e-31,3.98964682561549064272746002522183117432497038e-19,1.99482341280774542821371249197647888981358807e-19,3.18560412251648629049314273464549e-31,1.99482341280774680521898272837373338809818597e-19,3.96797128650018490168428721955331356043234727e-17,4.0115661819615333527500271877492730616457990378e-17,6.5597473816769107862885023968529081538427427889e-17
