"range","nx","normNSquared","sSquare","s","znxnz","sny","znxnzsny","nxSquarenySquareDenom","px"
"{0, 1}",1.1869393979887105867583830679e-35,4.4071252443767242362613790995e-35,1.8829944898907663522680452210394e-32,9.433070000932679997374495227961e-33,5.0889009161539729524572314575e-35,9.442786049990382345803649848237e-33,7.28499157101573227072663348928e-34,4.9152624651378486905875303895e-35,7.34461724001097100111284828975e-34
"{2, 89}",9.004786867409544982139653718e-36,5.0475579064617198051512872011e-35,8.861019538124971532073535027479e-33,4.437076783589947674029413450335e-33,4.9333278574224133682122546057e-35,4.440089583068847972876527699063e-33,3.79665672873877495117389560902e-33,4.4829756955475253089337361869e-35,3.799853121757030016488129298656e-33
"{89, 90}",1.1223115400372060345372098197e-35,5.5099363143725190191772147974e-35,2.935052824859430836471781899318805820251259e-21,1.467526412429718257487770301376829745343206e-21,4.8519135058283893682134169557e-35,1.467526412429718794246870352958365081730974e-21,1.403906955173004179732613012735556691632557e-21,4.6916022612323794352050844263e-35,1.403906955173004109125236108426731826569448e-21
