"range","nx","normNSquared","sSquare","s","znxnz","sny","znxnzsny","nxSquarenySquareDenom","px"
"{0, 90}",798624.149168632179626717754815244202143749744251029202753233447,4.8774681067630462126649065408629974684155774673103667207179797e13,4.877468105893940997045959437404507665928948053062947538349539113e13,798624.149165277073040959133735548648749911742668137624146936159,4.877468106763046212665376911830015374680985763797830709752094291e13,4.877468106328493604752787721599292040968990561909265117123649e13,4.87746810622977020256115436419863316704011533365089410698077674e13,4.877468106763046212664904580483797941973742932212400631547933706e13,1.785698958990314509500655228326558970514010579562611e-12
