"range","nx","normNSquared","sSquare","s","znxnz","sny","znxnzsny","nxSquarenySquareDenom","px"
"{0, 90}",4.6338415423412349439688375284702878982e-26,1.0859084123656769751485692544668887828e-26,5.6774622243812720591806362990646075139597633090944e-14,2.8387311121909892205928890439495202259575648003153e-14,6.6435636673580354253874553389886272214e-26,2.8387311121911311660576402874127202417420433669893e-14,3.2844301016278312366432464832713605873200853614166e-14,5.202426592517696104074324790103613878e-27,3.2844301016277688149956145994939083089030720473495e-14
