"range","nx","normNSquared","sSquare","s","znxnz","sny","znxnzsny","nxSquarenySquareDenom","px"
"{0, 90}",798624.149168632179453827819959554711035411665485526152283919456,4.87746810676304621262536129526594665032785681363710342772405902e13,4.87748265563690677578485677361911019914258413414213324867614694e13,798624.514961911884194317573993948434251071143619011917929180265,4.877468106763046208318230598697467038657231063847980380458458645e13,4.87747538119082169269252168079821448962691099737510359046196009e13,4.87746722783713675621189937997587244882348648770155303813184367e13,4.877468106763046212532095990847043143876671237906687818207142538e13,1.4314861644554827775515908413641511412374677777643693586e-8
