"range","nx","normNSquared","sSquare","s","znxnz","sny","znxnzsny","nxSquarenySquareDenom","px"
"{0, 90}",798624.149168632183116483389298317428087690137142975894420770326,4.877468106763046212664906662594571560400319252284268837442721386e13,4.885675919745303754147520239772316404379295466044254046530703718e13,798659.107476123961971670332081734733645639464985827839540702874,4.877468106763043873013274520607558482998341863758484165806142672e13,4.88156510432244598187320843124265708426618740057510692423663576e13,4.8866230018285467231528747666215331748354269707200465230624175e13,4.877468106763046052054620815740457349235767211084486165101651785e13,0.000014328203918984216151072183142165043784627653690316360424741
