"range","nx","normNSquared","sSquare","s","znxnz","sny","znxnzsny","nxSquarenySquareDenom","px"
"{0, 90}",798624.149168632179626716264734635009018141006258873004922083927,4.877468106763046212664906662594570307543306836500006983926675717e13,4.877468106763046208745602993508918716189527299504104712517203286e13,798624.149168632179656264846646239148801902509998518432580602555,4.877468106763046212664906662594618292616343095311868262421865087e13,4.87746810676304621070525482805174032932439520065811323730011284e13,4.87746810676304621820632547638492096645795390693017735204498359e13,4.877468106763046212664906662594573322876835955755382345895726004e13,1.1577535153877904667229962926613166398906036e-20
