"range","nx","normNSquared","sSquare","s","znxnz","sny","znxnzsny","nxSquarenySquareDenom","px"
"{0, 90}",6.675699223220688587056236759785257355531e-24,1.607158869315078530460022908022229428893e-24,1.0533039495456590848458446454079702044823061138194619e-11,5.266519746737536549759640888833997548001251789330582e-12,8.923505019232420818125400553309795457793e-24,5.266519746738129557308248251116892921066935194724404e-12,4.208077366838165316212046669319271429458713723249603e-12,6.40105701897718593647696260984947918328e-25,4.208077366838119315193402372339349655203097898263837e-12
