"range","nx","normNSquared","sSquare","s","znxnz","sny","znxnzsny","nxSquarenySquareDenom","px"
"{0, 90}",7.737963831186419777583069807651353e-30,1.30684640043437055515037913680311e-30,5.738434682512302360040944746133207934343795097e-18,2.869217341256162095621247542571335255268942293e-18,9.502538728680437577346298589460789e-30,2.869217341257478779366483739827616487384768475e-18,4.352406338379289969473831553094086073951247119e-18,6.12758831331412617035287948788533e-31,4.352406338379256551595776011300845652069561931e-18
