"range","nx","normNSquared","sSquare","s","znxnz","sny","znxnzsny","nxSquarenySquareDenom","px"
"{0, 90}",798624.149168632179626716251882249274619220811620411596127781987,4.877468106763046212664906632370541830493247988411316320553262921e13,4.877468106759642589033135183463629497851332837756966086786197985e13,798624.149168405891769704684988300702394469740224301758354068108,4.877468106763046212664908606295629400177099013175152351900273112e13,4.87746810676134440084901629135047808528330838433767070623849645e13,4.87746810677185720686793098949256395419592394590007213547084391e13,4.877468106763046212664906648626364772796292002206324553622494722e13,1.5613232206091409421133466921619994835441149115658e-14
