"range","nx","normNSquared","sSquare","s","znxnz","sny","znxnzsny","nxSquarenySquareDenom","px"
"{0, 90}",1.03515146035671617436477987821e-33,1.4017099547079358309470583018041183e-29,2.11216596705468945844151333771526422855688896e-19,1.0560829835273454865586483752286024979916233e-19,2.87335172649070582312790648783389e-31,1.05608298352735347264062153982056359460350576e-19,4.0115440755908941617966229675099322202156316503e-17,3.9253959318405934219408640262325089817911253548e-17,6.5215545863350385069293682124883681601156264958e-17
