"range","nx","normNSquared","sSquare","s","znxnz","sny","znxnzsny","nxSquarenySquareDenom","px"
"{0, 90}",6.690808279565737881813246124032493549404e-24,1.608612741172627120997298477639052819729e-24,1.053303949545663021374467446318513899367017977384119e-11,5.266519746737556319677019800728325451452598338261687e-12,8.935581973571966111805999170815793979822e-24,5.266519746738147056923547459419706070700282283897557e-12,4.208077366838165140419185104803770038188078903895702e-12,6.42025550155482340777336145458770809232e-25,4.208077366838122130481643086863266802657035329015901e-12
