"range","nx","normNSquared","sSquare","s","znxnz","sny","znxnzsny","nxSquarenySquareDenom","px"
"{0, 90}",798624.149168635416861077443575839581542280343736071917547318137,4.877468106763047183543868637739862690532276139642571906261323987e13,5.42239379503315826988430723729351123414726510227609673911914068e13,812446.7323827502948052481304200072126049129421590810254987763,4.877468106763154085931071670618212028764676913875264912904168416e13,5.1287310148360970137741700555397278231748538021027979221650231e13,5.32981029269110114576187519316976130274413151241367730717933433e13,4.877468106763047343316590950964497560845872460827108857546193756e13,0.000565258930382226863293537516416698622691495791249701923724516
