"range","nx","normNSquared","sSquare","s","znxnz","sny","znxnzsny","nxSquarenySquareDenom","px"
"{0, 90}",1.104161287415370835695685010732e-33,2.009420310320352705340945472019e-33,3.7290188386103533847634330012739779927711835e-20,1.8645094193051926937494575168961064820599551e-20,1.926605128346953990643659560629e-33,1.8645094193052002110124019327478495325693287e-20,1.9267464262717968556117485531489676986009525e-20,1.819480316129835429810481847402e-33,1.9267464262717931624143313223165916764438356e-20
