"range","nx","normNSquared","sSquare","s","znxnz","sny","znxnzsny","nxSquarenySquareDenom","px"
"{0, 90}",798624.149168632179626212452703752153722749670630233104170430645,4.877468106763046212664904934411562914417626492611823058893993452e13,4.877468159502159109859126242602636148656715391738832147511401662e13,798624.150073748856623985821064101532715377343250294244597164523,4.877468106763046212683269337311264827475305328170759691988778863e13,4.87746813313260230980010719288649080749444533853800754371686783e13,4.87746816809529047151454117438872591444310450638600770891392742e13,4.877468106763046212664854068331000922486658532436702786379532638e13,9.06852062146621776290889080213663445904667113130065e-11
