"range","nx","normNSquared","sSquare","s","znxnz","sny","znxnzsny","nxSquarenySquareDenom","px"
"{0, 90}",1.0775260908154015761639338897e-35,5.1554556598316573444414329278e-35,1.553851495520044819793942104291510729526974e-21,7.76925747760029235477211424520134779679666e-22,4.9289965669466471971224040037e-35,7.76925747760032390000665559894645368172994e-22,7.43244858622158150620079548187295350840442e-22,4.6823709574208387106980597472e-35,7.43244858622160110446991873518568084853994e-22
