"range","nx","normNSquared","sSquare","s","znxnz","sny","znxnzsny","nxSquarenySquareDenom","px"
"{0, 90}",2.1897590839179189736780548175731726076406936e-20,1.5246624230434757490888368126267559232924804e-20,7.4278356515591620232956247117732288251551156779226307268e-8,3.7139087102555322833032733885765032748460859016203218178e-8,4.4764353798273969014337733271985728658593189e-20,3.7139087102562970053858085798913189420101913989537105731e-8,3.3904585045096180827090326759869899610099972503214022294e-8,5.45357110340901739576802246994319825418998e-21,3.3904585045095962132338554703095758140477718579009325667e-8
