"range","nx","normNSquared","sSquare","s","znxnz","sny","znxnzsny","nxSquarenySquareDenom","px"
"{0, 90}",4.4671614212667041500940576358230603893e-26,1.0855502759917747344071631499625597336e-26,5.6774622243812170355589523681055537052450175498768e-14,2.8387311121909616912172902617132205484787020311773e-14,6.4771793070706449190105911282676140581e-26,2.8387311121911011831683055662880559573816217078994e-14,3.2844301016277931408849232546468170591733937910072e-14,5.183363065244463346914812274690010209e-27,3.2844301016277327566648647930897081571617965594578e-14
