"range","nx","normNSquared","sSquare","s","znxnz","sny","znxnzsny","nxSquarenySquareDenom","px"
"{0, 90}",798624.149168632179626716264734636992743044278198405092532867803,4.877468106763046212664906662594571600872170309322513167014019763e13,4.877468106763046212700560679769954255884275161978189195599826119e13,798624.149168632179630049011636219701824653183766448507269813629,4.877468106763046212664906662594571847429754287955297749020317022e13,4.87746810676304621268273367118226281699645592997959779234646554e13,4.87746810676304621253920433130387011577046316155173869213432189e13,4.877468106763046212664906662594571599177804655908848212997947298e13,3.96135630861329834064127871848261964889939e-22
