"range","nx","normNSquared","sSquare","s","znxnz","sny","znxnzsny","nxSquarenySquareDenom","px"
"{0, 90}",798624.149168633284508138255109647090271986567312431303450274333,4.877468106763046190321370032798090297534326406082840622592778031e13,4.79947617834107045214717431844706787536883070650139881816654677e13,796422.771242430837540040859387859531620291163890099041815211435,4.87746810676306604060354666613062759589854485750972346653260398e13,4.83757011328254533664984200325976417229907362014051756775809326e13,4.75958984374136882617187740654181122025662772519780834757703405e13,4.877468106763046163685932710683626786123482287881610077228686542e13,0.000154841060983787015773618561276270934105268760413564930888509
