"range","nx","normNSquared","sSquare","s","znxnz","sny","znxnzsny","nxSquarenySquareDenom","px"
"{0, 90}",4.520122420521571694878038922500775e-28,9.5238193031539154686725548008614244e-29,4.46019544062438850668608351167427930715778319168e-16,2.23009772031216018025171740977344995862762198714e-16,6.15328264122281240269307971613102837e-28,2.23009772031259891288312071456782487862149679537e-16,1.79516224033642564709294935955240981149390855514e-16,4.1376715631094297915599147317595347e-29,1.79516224033639763932448376776118973711650575807e-16
