"range","nx","normNSquared","sSquare","s","znxnz","sny","znxnzsny","nxSquarenySquareDenom","px"
"{0, 90}",798624.149168632179626716261760373714402234093108720822078292182,4.877468106763046212664906662480886604192976763162450008874050045e13,4.877468106763133068553809789146330953406427456007290541718712101e13,798624.149168631415797442489610760004131473619768238836095279552,4.877468106763046212664906624622258723400705969859039474274853317e13,4.87746810676308964060935822564014964445079392597451655788705055e13,4.87746810676305779971089959213701395531223492429305030563605902e13,4.877468106763046212664906662802114427906852751799221585914676682e13,1.42583703041309132569022901921486227740781096449e-16
