"range","nx","normNSquared","sSquare","s","znxnz","sny","znxnzsny","nxSquarenySquareDenom","px"
"{0, 90}",4.3580357334666596553574107981565349321615242703e-17,1.291964633552431114543141711256211526144745699e-17,0.000063284297924370092980008052940643803409605472116332952449194,0.000031639642331271735268899505355348205586577780294068132466454,6.2295382664981907530607193496625190414427196236e-17,0.000031639642331280484408103642556881498025172738979119647150015,0.00003302139270296792913893131466288747966484323630268132006864,5.682093758026174577097902835820880368992261545e-18,0.000033021392702967551763218548289017819511663954654518661228341
