"range","nx","normNSquared","sSquare","s","znxnz","sny","znxnzsny","nxSquarenySquareDenom","px"
"{0, 90}",798624.149168632179835563036924539168316530356185894878698924377,4.877468106763046212658952490611918386471517510809697720945138017e13,4.877329641987812495290458011828317365985466706076554889288677582e13,798621.551830638366414413026568547754762453042194976847850738777,4.877468106763046228396683684055124609434741863627041803278550742e13,4.87739887355183627450859213455800977215795125460399337236231967e13,4.87752506574617250326777913695719983780909982122524725717050847e13,4.877468106763046212645218877332878231932276516984516622142729958e13,1.3761306914258345118651451094455892810581650962644921189e-7
