"range","nx","normNSquared","sSquare","s","znxnz","sny","znxnzsny","nxSquarenySquareDenom","px"
"{0, 90}",4.5457514300909517638003090320591399411784736279e-17,1.2907974517750254680581397208125645360144622738e-17,0.000063284297924370434984218525479815112116016596613353138580903,0.000031639642331271903147895776751054882689715310817830817886871,6.4168578387289144822388140859779286880357097802e-17,0.000031639642331280665231435710324482450274907821687172471997845,0.000033021392702968194590575590522822391906856408847110980684211,5.691037479279936566558780788315997793074176809e-18,0.000033021392702967815546801074784758986926651359850249928090055
