"range","nx","normNSquared","sSquare","s","znxnz","sny","znxnzsny","nxSquarenySquareDenom","px"
"{0, 90}",1.035708714587326497937224536591367844046383624123e-15,5.04877946086230347666995859100634833436811012065e-16,0.002210636725701512518496219430525620364574765992798954061509192,0.001301594312026216112367251237880411246982222003647820628490731,1.671508252657972257312037466493741107353605463598e-15,0.001301594312026308329474123197478854055189798049085427020930024,0.000974155515906108534200641411806468035419953147504175373469171,1.69710453304255209820832704010845664204457666827e-16,0.000974155515906097340202470646793717943588935137970480237525645
