"range","nx","normNSquared","sSquare","s","znxnz","sny","znxnzsny","nxSquarenySquareDenom","px"
"{0, 90}",798624.149168632210895323530834200976547570657743671944936751631,4.877468106763046212619296883882225320844869768799164012034190182e13,4.877893176426818564325558534301946803078432867790002796103378094e13,798631.20449377612232871925857585677544252258589639005330159763,4.877468106763046591454122792478015077479297697584922166119757215e13,4.87768051012139505220616619786978885066580623841307496658877879e13,4.87921215432612814533761505579818088882498445732053989333287475e13,4.87746810676304621405343292736765310927955939767009664606488634e13,2.266934395274830878346573995260822796864373200054021204515e-6
