"range","nx","normNSquared","sSquare","s","znxnz","sny","znxnzsny","nxSquarenySquareDenom","px"
"{0, 90}",7.863509357319815789076871654326886e-30,1.30687435032955745222716477160364e-30,5.738434682512457166457591437085978941052184822e-18,2.869217341256238958429129774183171633958973373e-18,9.629244251395009632339316374727741e-30,2.869217341257559638275672486648787864277497835e-18,4.352406338379315852052396753993187692324928277e-18,6.16043163911614530809573473126301e-31,4.352406338379280118154899885818337675389554512e-18
