"range","nx","normNSquared","sSquare","s","znxnz","sny","znxnzsny","nxSquarenySquareDenom","px"
"{0, 90}",4.889774294159577879587778663907784605634484965e-18,1.631857692043397003802066702944878388393973305e-18,9.707478081919126426583919700908896644682475670254982892189e-6,4.854110364286033799985485269924203754547119722052324399917e-6,7.691503891176944823963673788256353946402516055e-18,4.854110364286552227076544494005285890341790303514721552078e-6,4.718380522585218610563053958784174611746999203851816321175e-6,6.72560428311747168555698245102035256239279173e-19,4.718380522585187132346875722205319073407496241869093745749e-6
