"range","nx","normNSquared","sSquare","s","znxnz","sny","znxnzsny","nxSquarenySquareDenom","px"
"{0, 90}",1.105568155476231059245385893213e-33,2.00559061278431435489400127663e-33,3.7290188386103546713026479784266727650118238e-20,1.8645094193051939884555837632949343991706518e-20,1.926951915333829026580075373414e-33,1.8645094193052005424576192518406655947219037e-20,1.9267464262717964522800028180206033804054458e-20,1.820570052575907460058622277693e-33,1.9267464262717926364937634409995814203873259e-20
