"range","nx","normNSquared","sSquare","s","znxnz","sny","znxnzsny","nxSquarenySquareDenom","px"
"{0, 90}",2.86125063064689334386220867872825544964607049e-19,9.6842921796592803770569709321828105975022819e-20,4.71522492440461534294162422288958945600140522623940416363e-7,2.35757404963880869847825822888614059030313837091405461873e-7,3.96530166554266105139014741422817231869445651e-19,2.35757404963924427419430182362501401251917663057944660866e-7,3.03372929842912672792881199482278025773338438882313123449e-7,4.1741711894089437505606446375062497639131831e-20,3.03372929842910069281369491307858961481941589978486094557e-7
