"range","nx","normNSquared","sSquare","s","znxnz","sny","znxnzsny","nxSquarenySquareDenom","px"
"{0, 90}",1.0768968143311550944971807817e-35,5.1604926919852320660406207312e-35,1.553851495520038642547869193417233227801257e-21,7.76925747760026288701138344524435929524307e-22,4.9222558892585452826162475546e-35,7.76925747760029370736506431218443699099611e-22,7.43244858622157195289570418129120416273815e-22,4.6824252711198676014178781789e-35,7.43244858622159231600531497103833677521788e-22
