"range","nx","normNSquared","sSquare","s","znxnz","sny","znxnzsny","nxSquarenySquareDenom","px"
"{0, 90}",1.9855607492946407266019232769798922726232158e-20,1.5241567682277926881701447221543839655388997e-20,7.4278356515590714114226511780250724267795717354945245901e-8,3.7139087102554865400393809649374050518970315191030302911e-8,4.27357546758827773266910879998600846868188e-20,3.7139087102562530930683910453577655577497034333557648916e-8,3.3904585045095570236418983915685478542428937490970195239e-8,5.441800994361092449625679026614166128890836e-21,3.3904585045095361798770916210747403723156004813313854032e-8
