"range","nx","normNSquared","sSquare","s","znxnz","sny","znxnzsny","nxSquarenySquareDenom","px"
"{0, 90}",1.036287698393275870428597145794e-33,1.4017132872116352978663270524930152e-29,2.11216596705208105117174082733409851761161864e-19,1.05608298352604129246813458287448767330257391e-19,2.61544644930373316475464141587842e-31,1.05608298352604934883116306740549588938746565e-19,4.0082469118309012112294864529735386380564696447e-17,3.9250219491900736958597485347546206626873454546e-17,6.5201933600615484684543511377043718864527494063e-17
