"range","nx","normNSquared","sSquare","s","znxnz","sny","znxnzsny","nxSquarenySquareDenom","px"
"{0, 90}",4.23219785129589530108062379254182154204371e-22,1.17301239855685828522159100596088651138262e-22,5.39050808910792219858135768155187813862376169683751156e-10,2.69525402641767311183329924933472058557238943195588585e-10,5.64641952749376092968890062464208377345199e-22,2.6952540264177258094038518644782110709435046847371485e-10,2.24790500823628746945509358159453130971911195718700713e-10,4.1946786512995990996830995224399558823112e-23,2.24790500823624192455227479120717506192778839738949435e-10
