"range","nx","normNSquared","sSquare","s","znxnz","sny","znxnzsny","nxSquarenySquareDenom","px"
"{0, 90}",798624.149168632179626716264719323870927519177512526119958482304,4.877468106763046212664906662594489276344939353652500530557840996e13,4.877468106763046212046045338522895297461629013019589594895887353e13,798624.149168632175377125755634583239022551720448295622677089087,4.877468106763046212664906662792340834861720936434157807465928876e13,4.87746810676304621235547600051766209508447691267490981218853177e13,4.87746810676304696132263383907245180071824791648647200282246252e13,4.877468106763046212664906662596826549432184982029197277398020358e13,1.674428203025865662669846619867340501027638946e-18
