"range","nx","normNSquared","sSquare","s","znxnz","sny","znxnzsny","nxSquarenySquareDenom","px"
"{0, 90}",2.78061040759830090504903049298600488029796980237e-16,1.01153289703079961616760311657538841951840492506e-16,0.000439408608230433720533413982144822420767010569728996687855074,0.000219812391338162555087550004832901137205623774732922643123676,4.3009018691122165364095794561315142266050272861e-16,0.000219812391338174814742003811884934995507508094017615751279235,0.000241501019254216695827112575119810326955184282696150679325218,6.2391025466086588949900836941624852605555249685e-17,0.000241501019254218008454202937536929643788023837051943198778779
